f,Duration: 20260601 -20260631,,,,,,,,,,,,,,,,,,,,,,
,Long term,,,,,,,,,,  645.813.275.061.303 ,,,,645.813.275.061.303 ,,,,,,,,
,,,eventid (internal use),target,event_source,hurdle,productid,wwww,ProID,itemname,itemvalue (BP) ,itemvalue (USD) ,count,probability (%) ,Reward value (BP) ,Reward value (USD) ,Event value (sumprod),,,Efficiency,Monthly max BP,Monthly max USD,note
,,,,TOPUP,500 FC,11,x,500242303,658620,"Gói UT, JNM, DC OVR 111+ (+8)",  47.614.323.258.870 ,"4,31 ",1,"100,0000% ",47.614.323.258.870 ,"4,31 ","13,57 ",,,"1,28 ",,,
,,,,,,,x,500266520,,"Gói CU, 24EP 109+ (7~8)",  49.727.876.985.705 ,"4,50 ",1,"100,0000% ",49.727.876.985.705 ,"4,50 ",,,,,,,
,,,,,,,x,500271443,,Gói WG 116+ (+5),  5.406.432.560.137 ,"0,49 ",1,"100,0000% ",5.406.432.560.137 ,"0,49 ",,,,,,,
,,,,,,,x,500242845,,"Gói 24EP, MDL, UT 109+ (+8)",  32.299.738.718.275 ,"2,92 ",1,"100,0000% ",32.299.738.718.275 ,"2,92 ",,,,,,,
,,,,,,,x,500300683,,"15,000,000,000,000 BP",  15.000.000.000.000 ,"1,36 ",1,"100,0000% ",15.000.000.000.000 ,"1,36 ",,,,,,,
,,,,,,,x,502000239,,Phiếu giảm giá thuế các mùa 35%,  ,- ,3,"100,0000% ",- ,- ,,,,,,,
,,,,,,,x,502900023,,Thẻ bảo vệ nâng cấp các mùa (+1~+8) (1000 -50B),  ,- ,3,"100,0000% ",- ,,,,,,,,
,,,,,,,,,,,,,,,,,,,,,,,
,,,,,,,,,,,,,,,,,,,,,,,
,,,,,,,,,,,,,,,,,,,,,,,
,,,,,,,,,,,,,,,,,,,,,,,
,,,,TOPUP,1000 FC,21,x,500266575,658621,"Gói CU, 24EP 108+ (+8)",  59.116.158.238.593 ,"5,35 ",1,"100,0000% ",59.116.158.238.593 ,"5,35 ","15,66 ",,,"1,37 ",,,
,,,,,,,x,500243174,,"Gói CU, 24EP, MDL, UT, JNM 108+ (+8)",  46.263.711.547.826 ,"4,18 ",1,"100,0000% ",46.263.711.547.826 ,"4,18 ",,,,,,,
,,,,,,,x,500235448,,"Gói MDL, UT, JNM chỉ số 108+ (+8)",  23.886.762.575.385 ,"2,16 ",1,"100,0000% ",23.886.762.575.385 ,"2,16 ",,,,,,,
,,,,,,,x,500263826,,Gói CC 106+ (8~9),  23.906.002.742.905 ,"2,16 ",1,"100,0000% ",23.906.002.742.905 ,"2,16 ",,,,,,,
,,,,,,,x,500300688,,"20,000,000,000,000 BP",  20.000.000.000.000 ,"1,81 ",1,"100,0000% ",20.000.000.000.000 ,"1,81 ",,,,,,,
,,,,,,,x,501800085,,ICON TM Coin,  ,- ,50,"100,0000% ",- ,- ,,,,,,,
,,,,,,,x,502000192,,Phiếu giảm giá thuế các mùa 40%,  ,- ,2,"100,0000% ",- ,- ,,,,,,,
,,,,,,,x,101800006,,Sổ huấn luyện cao cấp,  ,- ,1000,"100,0000% ",- ,,,,,,,,
,,,,,,,x,101800005,,Sổ huấn luyện trung cấp,  ,- ,1000,"100,0000% ",- ,- ,,,,,,,
,,,,,,,x,101800004,,Sổ huấn luyện sơ cấp,,,1000,"100,0000% ",,,,,,,,,
,,,,,,,x,502800028,,Thẻ nâng cấp lại các mùa (+1~+8) (1000 -100B),  ,- ,2,"100,0000% ",,,,,,,,,
,,,,,,,,,,,,,,,,,,,,,,,
,,,,,,,,,,,,,,,,,,,,,,,
,,,,,,,,,,,,,,,,,,,,,,,
,,,,TOPUP,2000 FC,43,,500233415,658622,Gói GRU 106+ (6~8),  71.239.719.612.826 ,"6,44 ",1,"100,0000% ",71.239.719.612.826 ,"6,44 ","29,18 ",,,"1,37 ",,,
,,,,,,x,,500230890,,"Gói JVA, FCA All (6~8)",  59.225.515.981.735 ,"5,36 ",1,"100,0000% ",59.225.515.981.735 ,"5,36 ",,,,,,,
,,,,,,x,,500243120,,"Gói CU, 24EP, MDL, UT 109+ (+8)",  53.477.817.317.835 ,"4,84 ",1,"100,0000% ",53.477.817.317.835 ,"4,84 ",,,,,,,
,,,,,,x,,500251027,,"Gói GRU, CU, 24EP 106+ (6~8)",  42.713.970.984.795 ,"3,86 ",1,"100,0000% ",42.713.970.984.795 ,"3,86 ",,,,,,,
,,,,,,x,,500242847,,"Gói 24EP, MDL, UT 111+ (+8)",  65.935.244.536.416 ,"5,96 ",1,"100,0000% ",65.935.244.536.416 ,"5,96 ",,,,,,,
,,,,,,x,,500300698,,"30,000,000,000,000 BP",  30.000.000.000.000 ,"2,71 ",1,"100,0000% ",30.000.000.000.000 ,"2,71 ",,,,,,,
,,,,,,x,,501800085,,ICON TM Coin,  ,- ,50,"100,0000% ",- ,- ,,,,,,,
,,,,,,x,,502000192,,Phiếu giảm giá thuế các mùa 40%,  ,- ,3,"100,0000% ",- ,,,,,,,,
,,,,,,x,x,10,,SC,  ,- ,1000,"100,0000% ",- ,- ,,,,,,,
,,,,,,x,,11,,TC,,,10000,"100,0000% ",,,,,,,,,
,,,,,,x,x,102600175,,Gói HLV đặc biệt cao cấp Tiền vệ (Xử lý bước một) (8),,- ,3,"100,0000% ",,,,,,,,,
,,,,,,x,x,102600121,,Gói HLV đặc biệt cao cấp Tiền đạo (Xử lý bước một) (8),,- ,3,"100,0000% ",,,,,,,,,
,,,,,,x,x,101600001,,Vé đổi CLB,  ,- ,3,"100,0000% ",,,,,,,,,
,,,,,,x,x,100600001,,Thẻ đổi tên,,,3,"100,0000% ",,,,,,,,,
,,,,,,,,,,,,,,,,,,,,,,,
,,,,,,,,,,,,,,,,,,,,,,,
,,,,,,,,,,,,,,,,,,,,,,,
,,,,,,,,,,,,,,,,,,,,,,,
,,,,,,,,,,,,,,,,,,,,,,,
,,,,,,,,,,,,,,,,,,,,,,,
,Duration: 20260601 -20260604,,,,,,,,,,,,,,,,,,,,,,
,PC&MOBILE,,,,,,,,,,  142.968.424.215.417 ,,,,143.072.729.981.299 ,,,,,,,,
,,,eventid (internal use),target,event_source,hurdle,productid,itemid,ProID,itemname,itemvalue (BP) ,itemvalue (USD) ,count,probability (%) ,Reward value (BP) ,Reward value (USD) ,Event value (sumprod),,,Efficiency,Monthly max BP,Monthly max USD,note 
,,,Goi qua 1 - lan 1 t05 2025,TOPUP,40 FC/MC,1,x,500262270,658708,"Gói UT, MDL, DC All (+8)",  7.138.317.443.051 ,"0,65 ",1,"100,0000% ",7.138.317.443.051 ,"0,65 ","1,41 ",,,"1,66 ",,,
,,,,,,x,x,500239606,,"Gói DC, CC OVR 106+ (+8)",  7.478.075.384.138 ,"0,68 ",1,"100,0000% ",7.478.075.384.138 ,"0,68 ",,,,,,,
,,,,,,x,x,500300388,,"1000,000,000,000 BP",  1.000.000.000.000 ,"0,09 ",1,"100,0000% ",1.000.000.000.000 ,"0,09 ",,,,,,,
,,,,,,x,x,500300080,,"5,000 SP",,- ,1,"100,0000% ",,- ,,,,,,,
,,,,,,x,x,102600002,,Gói HLV kỹ năng khéo léo (+5-+10),  ,- ,1,"100,0000% ",,,,,,,,,
,,,,,,x,x,101800004,,Sổ huấn luyện sơ cấp,  ,- ,300,"100,0000% ",,,,,,,,,
,,,,,,,,,,,,,,,,,,,,,,,
,,,,,,,,,,,  , ,,,,,,,,,,,
,,,Goi qua 2 - lan 1 t05 2025,TOPUP,100 FC/MC,2,x,500243007,658709,"Gói 24EP, MDL, UT, JNM, DC, CC 106+ (+8)",  12.522.387.397.136 ,"1,13 ",1,"100,0000% ",12.522.387.397.136 ,"1,13 ","3,79 ",,,"1,78 ",,,
,,,,,,x,x,500242300,,"Gói UT, JNM, DC 108+ (+8)",  18.226.985.885.296 ,"1,65 ",1,"100,0000% ",18.226.985.885.296 ,"1,65 ",,,,,,,
,,,,,,x,x,500260192,,"Gói DC, JNM, HW, CC 104+ (+9)",  9.208.856.313.012 ,"0,83 ",1,"100,0000% ",9.208.856.313.012 ,"0,83 ",,,,,,,
,,,,,,x,x,500300398,,"2000,000,000,000 BP",  2.000.000.000.000 ,"0,18 ",1,"100,0000% ",2.000.000.000.000 ,"0,18 ",,,,,,,
,,,,,,x,x,501700305,,Gói may mắn CP,  ,- ,1,"100,0000% ",- ,- ,,,,,,,
,,,,,,x,x,501000004,,SVIP (1 Days),  ,- ,1,"100,0000% ",- ,- ,,,,,,,
,,,,,,x,x,500300080,,"5,000 SP",,,1,"100,0000% ",,,,,,,,,
,,,,,,x,x,10,,SC,  ,- ,500,"100,0000% ",,,,,,,,,
,,,,,,x,x,101800005,,Sổ huấn luyện trung cấp,  ,- ,300,"100,0000% ",,,,,,,,,
,,,,,,x,x,202300134,,2000 CP,,,1,"100,0000% ",,,,,,,,,
,,,,,,x,x,102600002,,Gói HLV kỹ năng khéo léo (+5-+10),,,1,"100,0000% ",,,,,,,,,
,,,,,,x,x,101600001,,Vé đổi CLB,,,1,"100,0000% ",,,,,,,,,
,,,,,,,,,,,,,,,,,,,,,,,
,,,,,,,,,,,  , ,,,- ,- ,,,,,,,
,,,Goi qua 3 - lan 1 t05 2025,TOPUP,200 FC/MC,4,x,500272907,658710,Gói PTG ALL,  52.152.882.941 ,"0,00 ",3,"100,0000% ",156.458.648.824 ,"0,01 ","7,49 ",,,"1,76 ",,,
,,,,,,x,x,500243161,,"Gói CU, 24EP, MDL, UT 106+ (7~8)",  22.225.108.029.879 ,"2,01 ",1,"100,0000% ",22.225.108.029.879 ,"2,01 ",,,,,,,
,,,,,,x,x,500242790,,"Gói 24EP, MDL 109+ (+8)",  26.593.236.859.863 ,"2,16 ",1,"100,0000% ",26.593.236.859.863 ,"2,16 ",,,,,,,
,,,,,,x,x,500262222,,"Gói UT, MDL, DC 104+ (8~9)",  32.523.304.020.101 ,"2,94 ",1,"100,0000% ",32.523.304.020.101 ,"2,94 ",,,,,,,
,,,,,,x,x,500300418,,"4000,000,000,000 BP",  4.000.000.000.000 ,"0,36 ",1,"100,0000% ",4.000.000.000.000 ,"0,36 ",,,,,,,
,,,,,,x,x,502800026,,Thẻ nâng cấp lại các mùa (+1~+8) (1000 -40B),  ,- ,1,"100,0000% ",- ,- ,,,,,,,
,,,,,,x,x,502000007,,Phiếu giảm giá thuế các mùa 30%,  , ,1,"100,0000% ", , ,,,,,,,
,,,,,,x,x,202300134,,2000 CP,  , ,1,"100,0000% ",- ,- ,,,,,,,
,,,,,,x,x,11,,TC,,,5000,"100,0000% ",,,,,,,,,
,,,,,,x,x,102600073,,Gói HLV GK đặc biệt (8),,,1,"100,0000% ",,,,,,,,,
,,,,,,x,x,102600002,,Gói HLV kỹ năng khéo léo (+5-+10),,,2,"100,0000% ",,,,,,,,,
,,,,,,x,x,101800006,,Sổ huấn luyện cao cấp,,,300,"100,0000% ",,,,,,,,,
,,,,,,x,,100600001,,Thẻ đổi tên,,,1,"100,0000% ",,,,,,,,,
,,,,,,,,501800395,,Thẻ tích lũy đặc biệt tháng 6 - 2026,,,1,"100,0000% ",,,,,,,,,
,,,,,,,,,,,,,,,,,,,,,,,
,Duration: 20260609-20260612,,,,,,,,,,,,,,,,,,,,,,
,PC&MOBILE,,,,,,,,,,  136.694.480.523.185 ,,,,138.280.107.742.120 ,,,,,,,,
,,,eventid (internal use),target,event_source,hurdle,productid,itemid,ProID,itemname,itemvalue (BP) ,itemvalue (USD) ,count,probability (%) ,Reward value (BP) ,Reward value (USD) ,Event value (sumprod),,,Efficiency,Monthly max BP,Monthly max USD,note 
,,,Goi qua 1 - lan 1 t05 2025,TOPUP,40 FC/MC,1,,500242853,658847,"Gói 24EP, MDL, UT 106+ (6~8)",  6.593.379.913.004 ,"0,60 ",1,"100,0000% ",6.593.379.913.004 ,"0,60 ","1,38 ",,,"1,62 ",,,
,,,,,,,,500239724,,"Gói DC, 24HR, CC OVR 104+ (+8)",  7.640.242.689.477 ,"0,69 ",1,"100,0000% ",7.640.242.689.477 ,"0,69 ",,,,,,,
,,,,,,,,500300388,,"1000,000,000,000 BP",  1.000.000.000.000 ,"0,09 ",1,"100,0000% ",1.000.000.000.000 ,"0,09 ",,,,,,,
,,,,,,,,500300080,,"5,000 SP",,- ,1,"100,0000% ",,- ,,,,,,,
,,,,,,,,102600002,,Gói HLV kỹ năng khéo léo (+5-+10),  ,- ,1,"100,0000% ",,,,,,,,,
,,,,,,,,101800004,,Sổ huấn luyện sơ cấp,  ,- ,300,"100,0000% ",,,,,,,,,
,,,,,,,,,,,,,,,,,,,,,,,
,,,,,,,,,,,  , ,,,,,,,,,,,
,,,Goi qua 2 - lan 1 t05 2025,TOPUP,100 FC/MC,2,,500243008,658848,"Gói 24EP, MDL, UT, JNM, DC, CC 107+ (+8)",  12.930.909.026.894 ,"1,17 ",1,"100,0000% ",12.930.909.026.894 ,"1,17 ","3,49 ",,,"1,64 ",,,
,,,,,,,,500264855,,"UT, MDL, DC, JNM, CC Top Price 275 (+8)",  15.086.991.647.609 ,"1,36 ",1,"100,0000% ",15.086.991.647.609 ,"1,36 ",,,,,,,
,,,,,,,,500262136,,"Gói UT, MDL, DC, JNM 109+ (+8)",  8.521.370.634.001 ,"0,77 ",1,"100,0000% ",8.521.370.634.001 ,"0,77 ",,,,,,,
,,,,,,,,500300398,,"2000,000,000,000 BP",  2.000.000.000.000 ,"0,18 ",1,"100,0000% ",2.000.000.000.000 ,"0,18 ",,,,,,,
,,,,,,,,501700305,,Gói may mắn CP,  ,- ,1,"100,0000% ",- ,- ,,,,,,,
,,,,,,,,501000004,,SVIP (1 Days),  ,- ,1,"100,0000% ",- ,- ,,,,,,,
,,,,,,,,500300080,,"5,000 SP",,,1,"100,0000% ",,,,,,,,,
,,,,,,,,10,,SC,  ,- ,500,"100,0000% ",,,,,,,,,
,,,,,,,,101800005,,Sổ huấn luyện trung cấp,  ,- ,300,"100,0000% ",,,,,,,,,
,,,,,,,,202300134,,2000 CP,,,1,"100,0000% ",,,,,,,,,
,,,,,,,,102600002,,Gói HLV kỹ năng khéo léo (+5-+10),,,1,"100,0000% ",,,,,,,,,
,,,,,,,,101600001,,Vé đổi CLB,,,1,"100,0000% ",,,,,,,,,
,,,,,,,,,,,,,,,,,,,,,,,
,,,,,,,,,,,  , ,,,- ,- ,,,,,,,
,,,Goi qua 3 - lan 1 t05 2025,TOPUP,200 FC/MC,4,,500272946,658849,Gói PTG 115+ (1~3),  792.813.609.467 ,"0,07 ",3,"100,0000% ",2.378.440.828.402 ,"0,22 ","7,41 ",,,"1,74 ",,,
,,,,,,,,500243108,,"Gói CU, 24EP, MDL 108+ (7~8)",  26.399.377.368.706 ,"2,39 ",1,"100,0000% ",26.399.377.368.706 ,"2,39 ",,,,,,,
,,,,,,,,500264875,,"UT, MDL, DC, JNM Top Price 225 (+8)",  25.227.509.869.756 ,"2,05 ",1,"100,0000% ",25.227.509.869.756 ,"2,05 ",,,,,,,
,,,,,,,,500230277,,Gói 24EP All (+8),  26.501.885.764.272 ,"2,40 ",1,"100,0000% ",26.501.885.764.272 ,"2,40 ",,,,,,,
,,,,,,,,500300418,,"4000,000,000,000 BP",  4.000.000.000.000 ,"0,36 ",1,"100,0000% ",4.000.000.000.000 ,"0,36 ",,,,,,,
,,,,,,,,502800026,,Thẻ nâng cấp lại các mùa (+1~+8) (1000 -40B),  ,- ,1,"100,0000% ",- ,- ,,,,,,,
,,,,,,,,502000007,,Phiếu giảm giá thuế các mùa 30%,  , ,1,"100,0000% ", , ,,,,,,,
,,,,,,,,202300134,,2000 CP,  , ,1,"100,0000% ",- ,- ,,,,,,,
,,,,,,,,11,,TC,,,5000,"100,0000% ",,,,,,,,,
,,,,,,,,102600073,,Gói HLV GK đặc biệt (8),,,1,"100,0000% ",,,,,,,,,
,,,,,,,,102600002,,Gói HLV kỹ năng khéo léo (+5-+10),,,2,"100,0000% ",,,,,,,,,
,,,,,,,,101800006,,Sổ huấn luyện cao cấp,,,300,"100,0000% ",,,,,,,,,
,,,,,,,,100600001,,Thẻ đổi tên,,,1,"100,0000% ",,,,,,,,,
,,,,,,,,501800395,,Thẻ tích lũy đặc biệt tháng 6 - 2026,,,1,"100,0000% ",,,,,,,,,
,,,,,,,,,,,,,,,,,,,,,,,
,,,,,,,,,,,,,,,,,,,,,,,
,,,,,,,,,,,,,,,,,,,,,,,
,Duration: 20260416 -20260420,,,,,,,,,,,,,,,,,,,,,,
,PC&MOBILE,,,,,,,,,,  45.413.624.466.300 ,,,,46.129.551.964.723 ,,,,,,,,
,,,eventid (internal use),target,event_source,hurdle,productid,itemid,ProID,itemname,itemvalue (BP) ,itemvalue (USD) ,count,probability (%) ,Reward value (BP) ,Reward value (USD) ,Event value (sumprod),,,Efficiency,Monthly max BP,Monthly max USD,note 
,,,Goi qua 1 - lan 1 t05 2025,TOPUP,40 FC/MC,1,x,500261752,657331,"Gói UT, MDL, DC, JNM, CC 102+ (7~8)",  3.082.757.511.407 ,"0,28 ",1,"100,0000% ",3.082.757.511.407 ,"0,28 ","0,44 ",,,"0,52 ",,,
,,,,,,x,x,500261529,,Gói 25PL 96+ (8~11),  1.700.094.165.677 ,"0,15 ",1,"100,0000% ",1.700.094.165.677 ,"0,15 ",,,,,,,
,,,,,,x,x,500300300,,"100,000,000,000 BP",  100.000.000.000 ,"0,01 ",1,"100,0000% ",100.000.000.000 ,"0,01 ",,,,,,,
,,,,,,x,x,500300080,,"5,000 SP",,- ,1,"100,0000% ",,- ,,,,,,,
,,,,,,x,x,102600156,,"Gói HLV đặc biệt cao cấp Tiền vệ (Di chuyển không bóng, xâm nhập) (7)",,- ,1,"100,0000% ",,,,,,,,,
,,,,,,x,x,101800004,,Sổ huấn luyện sơ cấp,  ,- ,300,"100,0000% ",,,,,,,,,
,,,,,,,,,,,,,,,,,,,,,,,
,,,,,,,,,,,  , ,,,,,,,,,,,
,,,Goi qua 2 - lan 1 t05 2025,TOPUP,100 FC/MC,2,x,500262127,657332,"Gói UT, MDL, DC, JNM All (+8)",  5.986.254.997.023 ,"0,54 ",1,"100,0000% ",5.986.254.997.023 ,"0,54 ","1,43 ",,,"0,67 ",,,
,,,,,,x,x,500225467,,"Gói FCA, RMA All (6~8)",  7.369.300.024.137 ,"0,67 ",1,"100,0000% ",7.369.300.024.137 ,"0,67 ",,,,,,,
,,,,,,x,x,500269454,,"Gói 26HR, 25UCL, FAC 112+ (3~5)",  2.240.676.638.572 ,"0,20 ",1,"100,0000% ",2.240.676.638.572 ,"0,20 ",,,,,,,
,,,,,,x,x,500300372,,"200,000,000,000 BP",  200.000.000.000 ,"0,02 ",1,"100,0000% ",200.000.000.000 ,"0,02 ",,,,,,,
,,,,,,x,x,501700305,,Gói may mắn CP,  ,- ,1,"100,0000% ",- ,- ,,,,,,,
,,,,,,x,x,501000004,,SVIP (1 Days),  ,- ,1,"100,0000% ",- ,- ,,,,,,,
,,,,,,x,x,500300080,,"5,000 SP",,,1,"100,0000% ",,,,,,,,,
,,,,,,x,x,10,,SC,  ,- ,500,"100,0000% ",,,,,,,,,
,,,,,,x,x,101800005,,Sổ huấn luyện trung cấp,  ,- ,300,"100,0000% ",,,,,,,,,
,,,,,,x,x,202300134,,2000 CP,,,1,"100,0000% ",,,,,,,,,
,,,,,,x,x,102600174,,Gói HLV đặc biệt cao cấp Tiền vệ (Xử lý bước một) (7),,,1,"100,0000% ",,,,,,,,,
,,,,,,x,x,101600001,,Vé đổi CLB,,,1,"100,0000% ",,,,,,,,,
,,,,,,,,,,,,,,,,,,,,,,,
,,,,,,,,,,,  , ,,,- ,- ,,,,,,,
,,,Goi qua 3 - lan 1 t05 2025,TOPUP,200 FC/MC,4,x,500265633,657333,Gói 26TOTY-N All (3~5),  4.283.033.353.671 ,"0,39 ",1,"100,0000% ",4.283.033.353.671 ,"0,39 ","2,30 ",,,"0,54 ",,,
,,,,,,x,x,500271457,,Gói WG ALL (1~3),  357.963.749.212 ,"0,03 ",3,"100,0000% ",1.073.891.247.635 ,"0,10 ",,,,,,,
,,,,,,x,x,500242854,,"Gói 24EP, MDL, UT 107+ (6~8)",  13.371.008.546.669 ,"1,21 ",1,"100,0000% ",13.371.008.546.669 ,"1,21 ",,,,,,,
,,,,,,x,x,500227869,,Gói MDL All (7~8),  6.322.535.479.933 ,"0,57 ",1,"100,0000% ",6.322.535.479.933 ,"0,57 ",,,,,,,
,,,,,,x,x,500300376,,"400,000,000,000 BP",  400.000.000.000 ,"0,04 ",1,"100,0000% ",400.000.000.000 ,"0,04 ",,,,,,,
,,,,,,x,x,502800026,,Thẻ nâng cấp lại các mùa (+1~+8) (1000 -40B),  ,- ,1,"100,0000% ",- ,- ,,,,,,,
,,,,,,x,x,502000007,,Phiếu giảm giá thuế các mùa 30%,  , ,1,"100,0000% ", , ,,,,,,,
,,,,,,x,x,202300134,,2000 CP,  , ,1,"100,0000% ",- ,- ,,,,,,,
,,,,,,x,x,11,,TC,,,5000,"100,0000% ",,,,,,,,,
,,,,,,x,x,102600073,,Gói HLV GK đặc biệt (8),,,1,"100,0000% ",,,,,,,,,
,,,,,,x,x,102600138,,Gói HLV đặc biệt cao cấp Tiền vệ (Chọc khe xuyên phá) (7),,,1,"100,0000% ",,,,,,,,,
,,,,,,x,x,101800006,,Sổ huấn luyện cao cấp,,,300,"100,0000% ",,,,,,,,,
,,,,,,x,x,100600001,,Thẻ đổi tên,,,1,"100,0000% ",,,,,,,,,
,,,,,,,,501800350,,Thẻ tích lũy đặc biệt tháng 4 - 2026,,,1,"100,0000% ",,,,,,,,,
,,,,,,,,,,,,,,,,,,,,,,,
,,,,,,,,,,,,,,,,,,,,,,,
,,,,,,,,,,,,,,,,,,,,,,,
,,,,,,,,,,,,,,,,,,,,,,,
,,,,,,,,,,,,,,,,,,,,,,,
,,,,,,,,,,,,,,,,,,,,,,,
,,,,,,,,,,,,,,,,,,,,,,,
,,,,,,,,,,,,,,,,,,,,,,,
,,,,,,,,,,,,,,,,,,,,,,,
,,,,,,,,,,,,,,,,,,,,,,,
,,,,,,,,,,,,,,,,,,,,,,,
,,,,,,,,,,,,,,,,,,,,,,,
,,,,,,,,,,,,,,,,,,,,,,,
,,,,,,,,,,,,,,,,,,,,,,,
,,,,,,,,,,,,,,,,,,,,,,,
,,,,,,,,,,,,,,,,,,,,,,,
,,,,,,,,,,,,,,,,,,,,,,,
,,,,,,,,,,,,,,,,,,,,,,,
,,,,,,,,,,,,,,,,,,,,,,,
,,,,,,,,,,,,,,,,,,,,,,,
,,,,,,,,,,,,,,,,,,,,,,,
,Top up max 600 FC ,,,,,,,,,,,,,,,,,,,,,,
,Promotion purpose: Low PU Acquisition,,,,,,,,,,,,,,,,,,,,,,
,Duration: 20260419 -20260423,,,,,,,,,,,,,,,,,,,,,,
,,,Hurdle (FC),Hurdle ($),Bonus,%,Số FC cần nạp thêm để chạm mốc,FC khuyến mãi nhận được,Total FC each hurdle,Total FC Accmulated,,,,,,,,,,,,,
,,1,300,"$5,77",750,250%,300,750,1050,1050,,,,,,,,,,,,,
,,2,600,"$11,54",750,250%,300,750,1050,2100,,,,,,,,,,,,,
,,,2100,,1500,,,1500,2100,,,,,,,,,,,,,,
,,Topup until 600 FC bonus,,,250%,,,,,,,,,,,,,,,,,,
,,,,,,,,,,,,,,,,,,,,,,,
,,,,,,,,,,,,,,,,,,,,,,,
,,,,,,,,,,,,,,,,,,,,,,,
,,,,,,,,,,,,,,,,,,,,,,,
,Duration: 20260426 -20260430,,,,,,,,,,,,,,,,,,,,,,
,PC&MOBILE,,,,,,,,,,  44.098.471.017.987 ,,,,48.183.825.462.031 ,,,,,,,,
,,,eventid (internal use),target,event_source,hurdle,productid,itemid,ProID,itemname,itemvalue (BP) ,itemvalue (USD) ,count,probability (%) ,Reward value (BP) ,Reward value (USD) ,Event value (sumprod),,,Efficiency,Monthly max BP,Monthly max USD,note 
,,,Goi qua 1 - lan 1 t05 2025,TOPUP,40 FC/MC,1,x,500242181,656889,"Gói JNM, DC 106+ (6~8)",  2.508.818.098.089 ,"0,23 ",1,"100,0000% ",2.508.818.098.089 ,"0,23 ","0,51 ",,,"0,60 ",,,
,,,,,,x,x,500260277,,Gói HG All (+9),  3.070.204.482.362 ,"0,28 ",1,"100,0000% ",3.070.204.482.362 ,"0,28 ",,,,,,,
,,,,,,x,x,500300300,,"100,000,000,000 BP",  100.000.000.000 ,"0,01 ",1,"100,0000% ",100.000.000.000 ,"0,01 ",,,,,,,
,,,,,,x,x,500300080,,"5,000 SP",,- ,1,"100,0000% ",,- ,,,,,,,
,,,,,,x,x,102600078,,Gói HLV đặc biệt cao cấp Tiền đạo (Di chuyển & tìm khoảng trống) (7),,- ,1,"100,0000% ",,,,,,,,,
,,,,,,x,x,101800004,,Sổ huấn luyện sơ cấp,  ,- ,300,"100,0000% ",,,,,,,,,
,,,,,,,,,,,,,,,,,,,,,,,
,,,,,,,,,,,  , ,,,,,,,,,,,
,,,Goi qua 2 - lan 1 t05 2025,TOPUP,100 FC/MC,2,x,500261882,656890,"Gói UT, MDL, DC, JNM, HW 102+ (6~8)",  2.493.774.713.809 ,"0,23 ",1,"100,0000% ",2.493.774.713.809 ,"0,23 ","1,29 ",,,"0,61 ",,,
,,,,,,x,x,500262444,,"MDL, DC, JNM, CC, HW Top Price 400 (+8)",  9.374.196.218.057 ,"0,85 ",1,"100,0000% ",9.374.196.218.057 ,"0,85 ",,,,,,,
,,,,,,x,x,500268591,,Gói 25UCL ALL (4~5),  2.209.664.841.779 ,"0,20 ",1,"100,0000% ",2.209.664.841.779 ,"0,20 ",,,,,,,
,,,,,,x,x,500300372,,"200,000,000,000 BP",  200.000.000.000 ,"0,02 ",1,"100,0000% ",200.000.000.000 ,"0,02 ",,,,,,,
,,,,,,x,x,501700305,,Gói may mắn CP,  ,- ,1,"100,0000% ",- ,- ,,,,,,,
,,,,,,x,x,501000004,,SVIP (1 Days),  ,- ,1,"100,0000% ",- ,- ,,,,,,,
,,,,,,x,x,500300080,,"5,000 SP",,,1,"100,0000% ",,,,,,,,,
,,,,,,x,x,10,,SC,  ,- ,500,"100,0000% ",,,,,,,,,
,,,,,,x,x,101800005,,Sổ huấn luyện trung cấp,  ,- ,300,"100,0000% ",,,,,,,,,
,,,,,,x,x,202300134,,2000 CP,,,1,"100,0000% ",,,,,,,,,
,,,,,,x,x,102600090,,Gói HLV đặc biệt cao cấp Tiền đạo (Dứt điểm) (7),,,1,"100,0000% ",,,,,,,,,
,,,,,,x,x,101600001,,Vé đổi CLB,,,1,"100,0000% ",,,,,,,,,
,,,,,,,,,,,,,,,,,,,,,,,
,,,,,,,,,,,  , ,,,- ,- ,,,,,,,
,,,Goi qua 3 - lan 1 t05 2025,TOPUP,200 FC/MC,4,x,500265626,656891,"Gói 26TOTY, 26TOTY-N 117+",  2.042.677.222.022 ,"0,18 ",3,"100,0000% ",6.128.031.666.066 ,"0,55 ","2,55 ",,,"0,60 ",,,
,,,,,,x,x,500268530,,Gói 25UCL 106+ (3~5),  1.548.119.190.733 ,"0,14 ",1,"100,0000% ",1.548.119.190.733 ,"0,14 ",,,,,,,
,,,,,,x,x,500262271,,"Gói UT, MDL, DC 101+ (+8)",  14.267.808.087.907 ,"1,29 ",1,"100,0000% ",14.267.808.087.907 ,"1,29 ",,,,,,,
,,,,,,x,x,500242961,,"Gói 24EP, MDL, UT, JNM, DC 104+ (6~8)",  5.883.208.163.229 ,"0,53 ",1,"100,0000% ",5.883.208.163.229 ,"0,53 ",,,,,,,
,,,,,,x,x,500300376,,"400,000,000,000 BP",  400.000.000.000 ,"0,04 ",1,"100,0000% ",400.000.000.000 ,"0,04 ",,,,,,,
,,,,,,x,x,502800026,,Thẻ nâng cấp lại các mùa (+1~+8) (1000 -40B),  ,- ,1,"100,0000% ",- ,- ,,,,,,,
,,,,,,x,x,502000007,,Phiếu giảm giá thuế các mùa 30%,  , ,1,"100,0000% ", , ,,,,,,,
,,,,,,x,x,202300134,,2000 CP,  , ,1,"100,0000% ",- ,- ,,,,,,,
,,,,,,x,x,11,,TC,,,5000,"100,0000% ",,,,,,,,,
,,,,,,x,x,102600073,,Gói HLV GK đặc biệt (8),,,1,"100,0000% ",,,,,,,,,
,,,,,,x,x,102600120,,Gói HLV đặc biệt cao cấp Tiền đạo (Xử lý bước một) (7),,,1,"100,0000% ",,,,,,,,,
,,,,,,x,x,101800006,,Sổ huấn luyện cao cấp,,,300,"100,0000% ",,,,,,,,,
,,,,,,x,x,100600001,,Thẻ đổi tên,,,1,"100,0000% ",,,,,,,,,
,,,,,,,,,,,,,,,,,,,,,,,
,,,,,,,,,,,,,,,,,,,,,,,
,,,,,,,,,,,,,,,,,,,,,,,
,,,,,,,,,,,,,,,,,,,,,,,
,,,,,,,,,,,,,,,,,,,,,,,
,,,,,,,,,,,,,,,,,,,,,,,
,,,,,,,,,,,,,,,,,,,,,,,
,,,,,,,,,,,,,,,,,,,,,,,
,,,,,,,,,,,,,,,,,,,,,,,
,,,,,,,,,,,,,,,,,,,,,,,
,,,,,,,,,,,,,,,,,,,,,,,
,,,,,,,,,,,,,,,,,,,,,,,
,,,,,,,,,,,,,,,,,,,,,,,
,,,,,,,,,,,,,,,,,,,,,,,
,,,,,,,,,,,,,,,,,,,,,,,
,,,,,,,,,,,,,,,,,,,,,,,
,,,,,,,,,,,,,,,,,,,,,,,
,,,,,,,,,,,,,,,,,,,,,,,
,,,,,,,,,,,,,,,,,,,,,,,
,,,,,,,,,,,,,,,,,,,,,,,
,,,,,,,,,,,,,,,,,,,,,,,
,,,,,,,,,,,,,,,,,,,,,,,
,,,,,,,,,,,,,,,,,,,,,,,
,,,,,,,,,,,,,,,,,,,,,,,
,,,,,,,,,,,,,,,,,,,,,,,
,,,,,,,,,,,,,,,,,,,,,,,
,,,,,,,,,,,,,,,,,,,,,,,
,,,,,,,,,,,,,,,,,,,,,,,
,,,,,,,,,,,,,,,,,,,,,,,
,,,,,,,,,,,,,,,,,,,,,,,
,,,,,,,,,,,,,,,,,,,,,,,
,,,,,,,,,,,,,,,,,,,,,,,
,,,,,,,,,,,,,,,,,,,,,,,
,,,,,,,,,,,,,,,,,,,,,,,
,,,,,,,,,,,,,,,,,,,,,,,
,,,,,,,,,,,,,,,,,,,,,,,
,,,,,,,,,,,,,,,,,,,,,,,
,,,,,,,,,,,,,,,,,,,,,,,
,,,,,,,,,,,,,,,,,,,,,,,
,,,,,,,,,,,,,,,,,,,,,,,
,,,,,,,,,,,,,,,,,,,,,,,
,,,,,,,,,,,,,,,,,,,,,,,
,,,,,,,,,,,,,,,,,,,,,,,
,,,,,,,,,,,,,,,,,,,,,,,
,,,,,,,,,,,,,,,,,,,,,,,
,,,,,,,,,,,,,,,,,,,,,,,
,,,,,,,,,,,,,,,,,,,,,,,
,,,,,,,,,,,,,,,,,,,,,,,
,,,,,,,,,,,,,,,,,,,,,,,
,,,,,,,,,,,,,,,,,,,,,,,
,,,,,,,,,,,,,,,,,,,,,,,
,,,,,,,,,,,,,,,,,,,,,,,
,,,,,,,,,,,,,,,,,,,,,,,
,,,,,,,,,,,,,,,,,,,,,,,
,,,,,,,,,,,,,,,,,,,,,,,
,,,,,,,,,,,,,,,,,,,,,,,
,,,,,,,,,,,,,,,,,,,,,,,
,,,,,,,,,,,,,,,,,,,,,,,
,,,,,,,,,,,,,,,,,,,,,,,
,,,,,,,,,,,,,,,,,,,,,,,
,,,,,,,,,,,,,,,,,,,,,,,
,,,,,,,,,,,,,,,,,,,,,,,
,,,,,,,,,,,,,,,,,,,,,,,
,,,,,,,,,,,,,,,,,,,,,,,
,,,,,,,,,,,,,,,,,,,,,,,
,,,,,,,,,,,,,,,,,,,,,,,
,,,,,,,,,,,,,,,,,,,,,,,
,,,,,,,,,,,,,,,,,,,,,,,
,,,,,,,,,,,,,,,,,,,,,,,
,,,,,,,,,,,,,,,,,,,,,,,
,tay,,3.000.000,,20,60000000,,,,,,,,,,,,,,,,,
,cup,,5.000.000,,20,100000000,,,,,,,,,,,,,,,,,
,Bàn phim,,2.000.000,,100,200000000,,,,,,,,,,,,,,,,,
,ke tay ,,800.000,,100,80000000,,,,,,,,,,,,,,,,,
,Lót chuột ,,100.000,,100,10000000,,,,,,,,,,,,,,,,,
,Hộp,,700.000,,100,500000,,,,,,,,,,,,,,,,,
,Áo,,416.667,,72,30000000,,,,,,,,,,,,,,,,,
,,,,,,480500000,,,,,,,,,,,,,,,,,